title,eventId
FIRAHOGAR 2020,E0-001-012655222-6
Parecido no es lo mismo,E0-001-037523121-9@2020070120
EVENTO DAYS 2020,E0-001-051208052-6
Misterio de Elche religious theatre,E0-001-064390248-7
Albacete Fair,E0-001-064428285-8
International Habaneras and Polyphony Contest,E0-001-064428292-8
Nuestra Señora de La Merced Fiesta,E0-001-064428308-8
Day of the Typical Ansó Costume,E0-001-064428330-7
Santísimo Cristo and San Vicente Ferrer patron saint's day fiesta,E0-001-064428331-6
Viking Festival,E0-001-064428359-2
Nuestra Señora de la Asunción Fiesta,E0-001-064428364-4
La Tomatina tomato festival,E0-001-064428399-0
El Vítor procession,E0-001-064428410-2
El Cipotegato,E0-001-064428418-4
LGBTIQ+ Pride Festival in Madrid,E0-001-065740707-7
Starlite Festival,E0-001-067275290-7
Virgen de Ermitana patron saint's day fiesta,E0-001-067503289-5
Medieval Theatre Festival,E0-001-067503292-9
Renaissance Festival,E0-001-068250974-8
International Festival of the Celtic World,E0-001-069547158-8
Festival of Granada,E0-001-069979106-4
Segorbe Patron Saint's Day Fiestas,E0-001-070344332-9
"The ""Rapa das bestas"" festival in Sabucedo",E0-001-070344341-7
Moors and Christians Fiesta,E0-001-070714952-8
Aranjuez Mutiny Fiestas,E0-001-071033932-5
La Rioja International Plectrum Music Festival,E0-001-071555835-0
Moors and Christians celebrations in Orihuela. Fiesta of the Re-conquest,E0-001-071555856-3
Albariño Wine Festival,E0-001-071555877-6
La Mare de Déu de la Salut Festival,E0-001-071555885-5
Festivities in honour of Santiago Apóstol,E0-001-071779581-2
Sierra International Festival,E0-001-072016917-8
August Fair,E0-001-072528209-4
Moors and Christians festival in Ontinyent,E0-001-072528210-0
Monesterio Ham Day,E0-001-072738723-2
Wine Harvest Festival,E0-001-072738729-6
San Lorenzo Fiestas,E0-001-072738734-8
Virgen de Gracia Pilgrimage,E0-001-072985023-7
Santa Tecla Fiesta,E0-001-072985026-4
Traditional bull-running,E0-001-074004132-0
The Festival of Nuestra Señora del Rosario Bull-running in Cuéllar,E0-001-074243361-3
Nuestra Señora de la Barca Pilgrimage,E0-001-074477922-7
Main Fiestas in Vilafranca del Penedés,E0-001-074986438-0
Quinquennial fiestas to mark the descent of the Virgin Mary,E0-001-080939614-5
Horse races on the beach,E0-001-082746825-1
Carmen de Bizet,E0-001-083878712-5
Tancat,E0-001-088579471-2@2020070500
Human Chess,E0-001-093685664-0
Fiesta in Honour of Seafood,E0-001-095168543-4
Patron saint's fiestas in honour of San Roque,E0-001-095168547-0
Barcelona 2020 Professional Hiring Event,E0-001-095210550-0
Ronda International Folk Gala,E0-001-095539546-9
Cante de las Minas Festival,E0-001-103512519-6
Festival of Moors and Christians in Murcia,E0-001-104755971-2
Ultrashow - Miguel Noguera en Madrid,E0-001-105661888-6
Carthaginians and Romans Fiesta,E0-001-106152264-4
La Verbena de la Paloma,E0-001-106771070-0
VIP Private Group Stargazing Experience,E0-001-115119315-8@2020070119
Moors and Christians festival,E0-001-118084231-5
Beer Pong Tournament at Star Coyote 54,E0-001-119799464-3@2020070722
Flamenco Barcelona - Tablao Flamenco Cordob*s,E0-001-121643427-3
La katarsis del tomatazo,E0-001-121643472-3
WASET Barcelona 2020 Conference,E0-001-121898506-3
Seatrade Cruise Med,E0-001-122764635-1
Tapices cervantinos de la Colección Carmen y Justo Fernández,E0-001-124388367-9@2020070109
WASET Barcelona 2020 Conference,E0-001-124613182-3
MATTIEL ***CONCIERTO CANCELADO***,E0-001-125372212-8
Curso de Manipulación de Alimentos,E0-001-126728116-9@2020070112
PALABRA DADA,E0-001-126990266-4
International Conference on Industrial Microbiology-2020,E0-001-127892248-4@2020090709
"Admission Test: Bachelor Programs, Madrid",E0-001-127910613-5@2020072711
"EN CATALÀ, JUGUES? EXPOSICIÓ",E0-001-128672226-9
Sortida al Gran Teatre del Liceu -  María Pagés,E0-001-128852162-8
Betis vs. Villarreal,E0-001-129033234-6
Eibar vs. Osasuna,E0-001-129033235-5
Real Valladolid vs. Levante,E0-001-129033239-1
Real Madrid vs. Getafe,E0-001-129033242-5
Real Sociedad vs. Espanyol,E0-001-129033243-4
Espanyol vs. Leganes,E0-001-129033280-5
Celta Vigo vs. Betis,E0-001-129033284-1
Granada vs. Real Madrid,E0-001-129033286-9
Espanyol vs. Eibar,E0-001-129033287-8
Betis vs. Alaves,E0-001-129033289-6
Real Madrid vs. Villarreal,E0-001-129033294-8
Atletico Madrid vs. Real Sociedad,E0-001-129033296-6
Eibar vs. Real Valladolid,E0-001-129033298-4
Atletico Madrid vs. Betis,E0-001-129033300-8
Celta Vigo vs. Levante,E0-001-129033303-5
Espanyol vs. Celta Vigo,E0-001-129033305-3
Granada vs. Athletic Bilbao,E0-001-129033307-1
Leganes vs. Real Madrid,E0-001-129033308-0
Osasuna vs. Mallorca,E0-001-129033309-9
Real Valladolid vs. Betis,E0-001-129033313-2
Betis vs. Osasuna,E0-001-129033318-7
Athletic Bilbao vs. Leganes,E0-001-129033319-6
Osasuna vs. Getafe,E0-001-129033323-9
Athletic Bilbao vs. Real Madrid,E0-001-129033329-3
Athletic Bilbao vs. Sevilla,E0-001-129033332-7
Celta Vigo vs. Atletico Madrid,E0-001-129033334-5
Osasuna vs. Celta Vigo,E0-001-129033335-4
Eibar vs. Leganes,E0-001-129033339-0
Real Valladolid vs. Alaves,E0-001-129033341-5
Real Madrid vs. Alaves,E0-001-129033345-1
Real Sociedad vs. Granada,E0-001-129033347-9
Real Valladolid vs. Barcelona,E0-001-129033350-3
Alaves vs. Getafe,E0-001-129033352-1
Lion King Madrid,E0-001-129301909-3@2020080118
Conductas alteradas Madrid,E0-001-129304985-4@2020070120
How To Sell On Amazon in Barcelona - Webinar,E0-001-129562484-4@2020070219
How To Sell On Amazon in Madrid - Webinar,E0-001-129563137-6@2020070219
How To Start Your Own Social Media Marketing Agency,E0-001-129697618-8@2020070219
"WomenHack - Madrid Employer Ticket September 3rd, 2020",E0-001-129854631-6
Palaye Royale: The B*stards World Tour,E0-001-129887770-2
Palaye Royale: The B*stards World Tour,E0-001-129887771-1
Sadhana en la Playa,E0-001-130003459-2@2020070407
Ibiza Meltdown 2020,E0-001-130120913-9
Julio 2020 - Flamenco en Café Ziryab,E0-001-130147443-2@2020070121
Agosto 2020 - Flamenco en Café Ziryab,E0-001-130147533-4@2020080119
Septiembre 2020 - Flamenco en Café Ziryab,E0-001-130147586-6@2020090221
Tequila Madrid,E0-001-130396111-8
2020 EU Convention - Europe 15 Year's Young,E0-001-130426354-5
Festival Ebrovisión 2020,E0-001-130445332-4
Monegros Festival 2020,E0-001-130818932-0
Seatrade Cruise Med,E0-001-130834842-8
Entrenamiento Élite - MASTER SPEAKER,E0-001-130927299-1
Amaral Madrid,E0-001-131157554-5
90's Rewind Pool Party - Oceans Beach Club,E0-001-131303224-8@2020070312
Red Party - Oceans Beach Club,E0-001-131303402-4@2020070412
Kandi - Oceans Beach Club,E0-001-131304415-5@2020070512
Revibe Pool Party - Oceans Beach Club,E0-001-131304457-1@2020070112
Tropicool Pool Party - Oceans Beach Club,E0-001-131304550-7@2020070212
Oceans Beach House - Oceans Beach Club,E0-001-131304589-9@2020070612
Summer Sessions Pool Party - Oceans Beach Club Magaluf,E0-001-131307572-0
Summer Sessions Pool Party - Oceans Beach Club Magaluf,E0-001-131307575-7
Summer Sessions Pool Party - Oceans Beach Club Magaluf,E0-001-131307576-6
EOI Women's Camino Trip 2020,E0-001-131357868-9
El Arrebato Barcelona,E0-001-131455923-8
El Arrebato Barcelona,E0-001-131455926-5
"Barcelona Taste Food Tour, Gothic Quarter // Wednesday, 23 September",E0-001-131513691-9
"Barcelona Taste Food Tour, Gothic Quarter // Friday, 25 September",E0-001-131513788-4
"Barcelona Taste Food Tour, Gothic Quarter // Saturday, 26 September",E0-001-131513900-4
"Barcelona Taste Food Tour, Gothic Quarter // Tuesday, 29 September",E0-001-131513954-5
"Barcelona Taste Food Tour, Gothic Quarter // Wednesday, 30 September",E0-001-131514033-8
"Barcelona Taste Food Tour, Poble-Sec // Wednesday, 2 September",E0-001-131514259-4
"Barcelona Taste Food Tour, Poble-Sec // Thursday, 3 September",E0-001-131514306-1
"Barcelona Taste Food Tour, Poble-Sec // Friday, 4 September",E0-001-131514402-4
"Barcelona Taste Food Tour, Poble-Sec // Saturday, 5 September",E0-001-131514486-6
"Barcelona Taste Food Tour, Poble-Sec // Wednesday, 9 September",E0-001-131514580-1
"Barcelona Taste Food Tour, Poble-Sec // Thursday, 10 September",E0-001-131515659-7
"Barcelona Taste Food Tour, Poble-Sec // Saturday, 12 September",E0-001-131515735-6
"Barcelona Taste Food Tour, Poble-Sec // Wednesday, 16 September",E0-001-131515891-1
"Barcelona Taste Food Tour, Poble-Sec // Thursday, 17 September",E0-001-131516028-0
"Barcelona Taste Food Tour, Poble-Sec // Friday, 18 September",E0-001-131516169-6
"Barcelona Taste Food Tour, Poble-Sec // Wednesday, 23 September",E0-001-131516297-8
"Barcelona Taste Food Tour, Poble-Sec // Friday, 25 September",E0-001-131516423-1
"Barcelona Taste Food Tour, Poble-Sec // Saturday, 26 September",E0-001-131516503-6
"Barcelona Taste Food Tour, Poble-Sec // Wednesday, 30 September",E0-001-131516569-2
Monegros Desert Festival Tardienta,E0-001-131711157-0
Les quatre estacions de Vivaldi,E0-001-131826034-1
"Salamanca, Spain (Homestay)",E0-001-131892618-2
Lenny Kravitz,E0-001-131911758-7
Corteo - Cirque du Soleil,E0-001-131913609-6@2020080700
Corteo - Cirque du Soleil,E0-001-131913612-0@2020080700
Cirque Du Soleil Corteo Palma de Mallorca,E0-001-131920103-5@2020080722
Dani Fernández Barcelona,E0-001-131940093-7
Lenny Kravitz Fuengirola,E0-001-131997133-8
Danny Ocean Madrid,E0-001-132036413-6
Hollywood Sinfónico by Maestro Navarro Lara,E0-001-132036570-0
"IL·LUSTRACIONS DEL CONTE ""LA NIT DE REIS A SABADELL"". EXPOSICIÓ",E0-001-132058679-2
NADAL A LA CASA DURAN: PESSEBRE DE LA CIUTAT,E0-001-132058681-7
Low Festival Benidorm,E0-001-132060922-4
Weekend Beach 2020,E0-001-132071512-7
Own Spirit Festival 2020,E0-001-132071517-2
Atletico de Madrid Camps Session 3,E0-001-132086691-7
Atletico de Madrid Camps Session 4,E0-001-132086964-0
Atletico de Madrid Camps Session 2,E0-001-132087027-5
DreamBeach Cuevas del Almanzora,E0-001-132124549-4
3rd   World Aging and Rejuvenation Conference,E0-001-132141463-2
RuPauls Drag Race,E0-001-132152157-0
3rd World Aging and Rejuvenation Conference,E0-001-132162834-1
3rd World Aging and Rejuvenation Conference,E0-001-132162871-2
European Society for Medical Oncology - ESMO Annual Congress,E0-001-132164730-0
FIP World Congress of Pharmacy & Pharmaceutical Sciences,E0-001-132164746-1
PARC DE NADAL 2019-20. EL TELER DELS DESITJOS. TALLER,E0-001-132186507-6
43a EXPOSICIÓ DE PESSEBRES A SABADELL,E0-001-132186513-7
PARC DE NADAL 2019-20. LA CARPA DELS CONTES,E0-001-132186535-9
Antonio José Tarragona,E0-001-132192784-4
Iron Maiden Barcelona,E0-001-132217276-0
Sergio Dalma Zaragoza,E0-001-132224642-7
Sergio Dalma Málaga,E0-001-132224677-3
Sergio Dalma Málaga,E0-001-132224678-2
2020 Girl 9 Magazine Print Modeling Casting Calls,E0-001-132248856-4@2020070413
CASAL DE NADAL A LA MASIA DE CAN DEU,E0-001-132270446-2
EduKick Spain Spanish & Soccer Summer Camp,E0-001-132371420-8
EduKick Spain 12 Week Soccer Boarding School “Spanish Language Study” - Term 1,E0-001-132371596-0
EduKick Spain 4 Week Module Course - Academic Year Taster Program,E0-001-132372222-5
EduKick Spain Academic Year Soccer Boarding “Private Middle/High School” - 13-18 years,E0-001-132372381-7
EduKick SPAIN + EduKick Manchester - 8 week course,E0-001-132372674-4
EduKick Spain 1 Week Taster Course,E0-001-132372710-5
EduKick Spain Academic Year Soccer Boarding School “Spanish Language Study”,E0-001-132373534-4
Dani Martín Málaga,E0-001-132426749-7
La Traviata Madrid,E0-001-132427120-5@2020070720
Andrés Calamaro Madrid,E0-001-132437699-9
Feria Habitat Valencia,E0-001-132440906-6
Bigsound,E0-001-132447192-0
Rototom Sunsplash 2020,E0-001-132447207-1
Antonio José Cartagena,E0-001-132458476-5
Cursus: Kennismaking met het Voedselbos (Brugge) AFGELAST I.K.V. CORONA MAATREGELEN,E0-001-132466340-6
Spain Federation International Camp One Week Residential Session 1,E0-001-132513011-8
Spain Federation International Camp One Week Day Camp Session 1,E0-001-132514971-8
La Casa Azul Madrid,E0-001-132516351-4
Tash Sultana Madrid,E0-001-132522524-9
Tash Sultana Barcelona,E0-001-132522678-9
Duki Madrid,E0-001-132541320-6
Love the 90s València,E0-001-132541470-0
Bilbao Bbk Live 2020,E0-001-132545104-8
Mad Cool 2020 / Día 3,E0-001-132545107-5
Mad Cool 2020 / Día 4,E0-001-132545109-3
Dekmantel Presents Selectors,E0-001-132545113-6
Mad Cool 2020,E0-001-132545206-5
JUNTXS FEM CIRC. TALLER,E0-001-132555521-0
Abierto Mexicano de Tenis Mifel presentado por Cinemax,E0-001-132556930-1
Paul Weller Sant Feliu de Guíxols,E0-001-132565732-3
Hauser Sant Feliu de Guíxols,E0-001-132565739-6
Bad Gyal Sant Feliu de Guíxols,E0-001-132565747-5
Amaral Sant Feliu de Guíxols,E0-001-132565750-9
El Kanka Poblado Sancti Petri,E0-001-132580682-2
Cat Stevens Barcelona,E0-001-132580686-8
Andrés Calamaro Poblado Sancti Petri,E0-001-132580694-7
Leiva Poblado Sancti Petri,E0-001-132580697-4
Amaral Poblado Sancti Petri,E0-001-132580700-7
Miguel Poveda Poblado Sancti Petri,E0-001-132580701-6
Raphael Marbella,E0-001-132619864-1
Carlos Rivera Marbella,E0-001-132619869-6
Cirque du Soleil Luzia Valencia,E0-001-132620260-7@2020091118
International Conference and Exhibition on Biomaterials & Tissue engineering,E0-001-132635540-4
QUINTO SOLIDARI,E0-001-132638986-3
C!Print Madrid,E0-001-132653160-6
Juana -  de Chevi Muraday,E0-001-132653760-0
Parlem de...  -  Juana,E0-001-132654365-6
Spain Federation International Camp One Week Residential Session 2,E0-001-132730787-5
Spain Federation International Camp One Week Day Camp Session 2,E0-001-132736459-7
Juancho Marqués Madrid,E0-001-132755451-6
Juancho Marqués Madrid,E0-001-132755475-6
Alejandro Sanz Benidorm,E0-001-132755512-6
Alejandro Sanz Fuengirola,E0-001-132755517-1
Alejandro Sanz Bilbao,E0-001-132755534-8
Weekend Beach Festival - Abono,E0-001-132755916-8
Lynyrd Skynyrd Madrid,E0-001-132755917-7
The Juergas Rock Festival - Abono 3 Días,E0-001-132755935-3
Pastora Soler Mérida,E0-001-132755938-0
Estopa Mérida,E0-001-132755943-2
God Save the Queen Mérida,E0-001-132755952-0
Loquillo Bilbo,E0-001-132756523-9
India Martínez Marbella,E0-001-132756652-0
10 hores d'espectacles i activitats,E0-001-132761547-3
EL PESSEBRE DE CAN PANXES. EXPOSICIÓ,E0-001-132769736-1
36 NOVES LLAMBORDES STOLPERSTEINE. LES PEDRES DE LA MEMÒRIA DELS DEPORTATS SABADELLENCS ALS CAMPS NAZIS. EXPOSICIÓ,E0-001-132769737-0
La Polla Records Sevilla,E0-001-132771570-0
Reggaeton Beach Festival (RBF) Benidorm,E0-001-132771614-3
Reggaeton Beach Festival (RBF) Barcelona,E0-001-132771616-1
Caviar Urban Music Fuengirola,E0-001-132771617-0
ELS DIES MENTITS,E0-001-132773479-6
PEIX,E0-001-132773489-3
"REBOTA, REBOTA Y EN TU CARA EXPLOTA",E0-001-132773491-8
Algonquin Adventure,E0-001-132783316-7
EDULEARN20 (12th annual International Conference on Education and New Learning Technologies),E0-001-132822081-0@2020070600
Foyone Cáceres,E0-001-132822974-1
Manuel Carrasco Sevilla,E0-001-132823023-3
Share Festival - Abono 3 Días,E0-001-132823364-7
Share Festival - Viernes,E0-001-132823365-6
Share Festival - Sábado,E0-001-132823366-5
Share Festival - Domingo,E0-001-132823367-4
Tsunami Xixón 2020 - Abono 3 Días,E0-001-132823370-8
Real Madrid One Week Session 6,E0-001-132838684-2
Real Madrid One Week Session 3,E0-001-132838728-5
Real Madrid High Performance Two Weeks Session 3,E0-001-132838989-4
Real Madrid High Performance Day Camp One Week Session 8,E0-001-132839010-0
Real Madrid Soccer and Gaming One Week Session 1,E0-001-132839209-2
Real Madrid Day Camp One Week Session 8,E0-001-132839373-6
Real Madrid One Week Session 4,E0-001-132839578-9
Real Madrid High Performance One Week Session 4,E0-001-132839649-6
Real Madrid Soccer and Gaming Day Camp One Week Session 1,E0-001-132839651-1
Real Madrid High Performance One Week Session 8,E0-001-132839709-7
Real Madrid Day Camp One Week Session 5,E0-001-132839766-2
Real Madrid One Week Session 5,E0-001-132839783-9
Real Madrid High Performance Two Weeks Session 2,E0-001-132839916-5
Real Madrid High Performance Day Camp One Week Session 5,E0-001-132839975-8
Real Madrid High Performance Day Camp One Week Session 3,E0-001-132840354-7
Real Madrid Day Camp One Week Session 9,E0-001-132840630-4
Real Madrid Soccer and Gaming One Week Session 2,E0-001-132840743-7
Real Madrid Soccer and Gaming Day Camp One Week Session 2,E0-001-132841046-8
Real Madrid One Week Session 8,E0-001-132841407-5
Real Madrid One Week Session 9,E0-001-132841454-3
Real Madrid High Performance One Week Session 6,E0-001-132841712-4
Real Madrid High Performance Day Camp One Week Session 4,E0-001-132841786-9
Real Madrid Day Camp One Week Session 7,E0-001-132843729-8
Real Madrid High Performance Day Camp One Week Session 7,E0-001-132843747-4
Real Madrid Two Weeks Session 4,E0-001-132843754-4
Real Madrid High Performance Day Camp One Week Session 6,E0-001-132843775-7
Real Madrid Day Camp One Week Session 6,E0-001-132843816-3
Real Madrid High Performance One Week Session 7,E0-001-132843826-0
Bilbao Bbk Live 2020 / Día 2,E0-001-132848311-8
Bilbao Bbk Live 2020 / Día 3,E0-001-132848312-7
Extremoduro,E0-001-132849542-3
PRIMAL FEAR + FREEDOM CALL,E0-001-132850664-0
Omar Souleyman Madrid,E0-001-132893204-9
Woodkid Barcelona,E0-001-132893309-3
Carlos Rivera Barcelona,E0-001-132893313-6
Cosquín Rock Fuengirola - 3 Days Pass,E0-001-132893318-1
Cosquín Rock Fuengirola,E0-001-132893322-4
Cosquín Rock Fuengirola - Saturday,E0-001-132893324-2
Rels B Palma,E0-001-132894040-0
Diana Ross Barcelona,E0-001-132894056-1
José Luis Perales Jerez de la Frontera,E0-001-132947544-4
Juan Diego Florez Jerez de la Frontera,E0-001-132947545-3
Victor Manuel Jerez de la Frontera,E0-001-132947546-2
Ana Torroja Jerez de la Frontera,E0-001-132947547-1
India Martínez Jerez de la Frontera,E0-001-132947548-0
Kool & the Gang Jerez de la Frontera,E0-001-132947549-9
Pirata Rock - Full Pass,E0-001-132969085-8
Atlantic Fest - 3 Days Full Pass,E0-001-132969221-8
Metal Paradise Fuengirola,E0-001-132969225-4
Portamérica - 3 Days Pass,E0-001-132998135-2
Ara Malikian Poblado Sancti Petri,E0-001-132998137-0
2nd Edition of Nutrition & Food Science,E0-001-133003595-0@2020070608
Lenny Kravitz Madrid,E0-001-133013116-6
3rd  World Aging and Rejuvenation Conference,E0-001-133027742-2
Pablo López Mérida,E0-001-133040142-7
Mónica Naranjo Murcia,E0-001-133057994-0
Ozuna Marbella,E0-001-133057998-6
Mónica Naranjo Mérida,E0-001-133058012-2
Camela Elche,E0-001-133146481-2
Andrea Bocelli,E0-001-133146489-4
DJ Charly - MACHO Party Gay Pride Edition 2020,E0-001-133147767-6
"L4 Tennis For All Junior, La Canada Flintridge",E0-001-133152125-0
Festival en Órbita - Abono General,E0-001-133187535-5
Roger Hodgson Barcelona,E0-001-133187569-2
Carlos Rivera Madrid,E0-001-133187570-8
Roger Hodgson Madrid,E0-001-133187571-7
Huercasa Country Festival Riaza,E0-001-133199075-1
Bay of Biscay Festival,E0-001-133199092-8
Festival Contempopranea - Abono 2 Días,E0-001-133199094-6
Graham Nash Sant Feliu de Guíxols,E0-001-133199098-2
Canela Party Torremolinos - 2 Days Pass,E0-001-133199106-0
Nil Moliner Sant Feliu de Guíxols,E0-001-133199111-2
Leiva Sant Feliu de Guíxols,E0-001-133199113-0
Elrow Sevilla - Chinese Rowyear,E0-001-133223213-1
David Bisbal Poblado Sancti Petri,E0-001-133240256-3
Nile Rodgers Marbella,E0-001-133240259-0
Camela Poblado Sancti Petri,E0-001-133240261-5
Los Morancos Marbella,E0-001-133240262-4
Carlos Rivera Poblado Sancti Petri,E0-001-133240263-3
Simple Minds Marbella,E0-001-133240265-1
Morat Poblado Sancti Petri,E0-001-133240268-8
Fangoria Poblado Sancti Petri,E0-001-133240269-7
God Save the Queen Poblado Sancti Petri,E0-001-133240270-3
Pastora Soler Poblado Sancti Petri,E0-001-133240272-1
Coque Malla Poblado Sancti Petri,E0-001-133240274-9
Antonio José Poblado Sancti Petri,E0-001-133240276-7
Siempre Así Poblado Sancti Petri,E0-001-133240277-6
Los Morancos Poblado Sancti Petri,E0-001-133240279-4
Los Secretos Poblado Sancti Petri,E0-001-133240281-9
Fuerza Nueva Poblado Sancti Petri,E0-001-133240282-8
La Casa Azul Madrid,E0-001-133240386-3
AAPG - American Association of Petroleum Geologists Int'l Conf. & Exhibition,E0-001-133279854-9
José Luis Perales València,E0-001-133293550-2
Kurt Elling - Danilo Pérez Dúo San Sebastian,E0-001-133293565-4
Heineken Jazzaldia Festival - Abono Kursaal,E0-001-133293567-2
Abdullah Ibrahim (Piano solo) Donostia,E0-001-133293571-5
Heineken Jazzaldia Festival - Abono Plaza Trinidad,E0-001-133293572-4
Enrico Rava Special Edition ''80 Years of Music'' - Cécline Mclorin-Salvant Donostia,E0-001-133293574-2
Cecile McLorin Salvant Donostia,E0-001-133293575-1
Graham Nash Donostia,E0-001-133293576-0
Enrico Rava Special Edition ''80 Years of Music'' San Sebastian,E0-001-133293577-9
Hiromi (Piano solo) Donostia,E0-001-133293578-8
John Zorn New Masada Quartet Donostia,E0-001-133293580-3
Fabrizio Bosso Quartet San Sebastian,E0-001-133293583-0
Makaya McRaven Donostia,E0-001-133293584-9
Marc Ribot Songs of Resistance - Fire! Orchestra Donostia,E0-001-133293588-5
Dave Holland - Kenny Barron Trio Donostia,E0-001-133293590-0
Danilo Rea (Piano solo) San Sebastian,E0-001-133293596-4
Paolo Fresu Devil Cuarteto Donostia,E0-001-133293598-2
Dúo Dinámico Barcelona,E0-001-133293617-6
Simple Minds Jerez de la Frontera,E0-001-133294262-7
Toros Sevilla,E0-001-133299131-3@2020092518
Holy Fuck Barcelona,E0-001-133334485-9
Holy Fuck Vigo,E0-001-133334487-7
Sergio Dalma Madrid,E0-001-133334524-7
Global Recycling Expo,E0-001-133341139-1
Dcode Festival Madrid - Abono,E0-001-133354381-2
Dcode Festival Madrid - Sábado,E0-001-133354388-5
Fluoelf - Own Spirit Festival,E0-001-133364076-2
Offlabel - Own Spirit Festival 2020,E0-001-133364112-3
Sombrero - SOMBRERO DJSET @ OWN SPIRIT FESTIVAL,E0-001-133364123-9
HEDO VICIOSO - HnD Kinky Dance Party mit Gents4U Sommer Special - Summer Pool Edition,E0-001-133370947-2
HEDO VICIOSO - HnD KINKY BOAT (KATAMARAN),E0-001-133373426-5
Purio - Own Spirit Festival 2020,E0-001-133373445-0
Pablo López València,E0-001-133377055-9
Jordan Mackampa Madrid,E0-001-133377411-1
Julio Iglesias Mérida,E0-001-133377482-9
Steve Hackett Madrid,E0-001-133377497-1
Comedy with Dorothy,E0-001-133377656-2@2020070620
Danny Rampling - ClockworkOrangeIbiza,E0-001-133380914-3
Raxon - Brunch in Barcelona (Warung Stage),E0-001-133406586-1
Natalia Lacunza Santiago de Compostela,E0-001-133445681-4
"La Polla Records con Reincidentes, Porretas, Boikot, Def Con Dos y Rat-Zinger Madrid",E0-001-133445876-0
Espectacle suspès - STALK ME TO THE END OF LOVE. ARTS VISUALS,E0-001-133452795-4
BEXEY,E0-001-133459190-4
BEXEY,E0-001-133459192-2
Dcode 2020,E0-001-133459202-8
Coppola - Duker Music,E0-001-133468499-4
Mago de Oz Las Mesas,E0-001-133472628-1
Leiva Las Mesas,E0-001-133472630-6
BIGGI - Club NL Mallorca,E0-001-133477127-2
GigaTools - Club NL Mallorca,E0-001-133477164-3
Elton Jonathan Kroon - Club NL Mallorca,E0-001-133477284-6
Río Babel 2020,E0-001-133490098-0
Loveland Festival 2020,E0-001-133490099-9
José Luis Perales Córdoba,E0-001-133506735-2
Roger Hodgson Pamplona,E0-001-133506742-2
5th European Otolaryngology-ENT Surgery Conference,E0-001-133522490-2
Barna N'Roll Barcelona,E0-001-133594460-8
NICK MASON*S  -   Saucerful Of Secrets Echoes Tour,E0-001-133623076-0
18th  Global Recycling Expo,E0-001-133647739-8
International Conference on Recycling and Waste Management,E0-001-133647807-8@2020072009
Reinier Zonneveld - Dreambeach Festival w/ Reinier Zonneveld Live,E0-001-133651189-6
12th Edition of International Conference on Endocrinology and Diabetology,E0-001-133654951-6
Raxon - Afterlife,E0-001-133667111-6
Brina Knauss - Brunch In The Park,E0-001-133667274-4
Kiskilla Urban Festival Motril,E0-001-133673172-8
Tsunami Xixón - Entrada Jueves,E0-001-133673205-5
Tsunami Xixón - Entrada Viernes,E0-001-133673209-1
Tsunami Xixón - Entrada Sábado,E0-001-133673211-6
Julio Iglesias Fuengirola,E0-001-133673216-1
Roger Hodgson Marbella,E0-001-133673689-3
Estrella Morente Marbella,E0-001-133673695-4
Morat Marbella,E0-001-133673723-6
Nueva Vulcano Madrid,E0-001-133674865-8
Pablo López Las Palmas de Gran Canaria,E0-001-133674900-0
Pablo López San Cristóbal de La Laguna,E0-001-133674908-2
Sebastian Yatra Marbella,E0-001-133675034-3
Juan Magán Marbella,E0-001-133675047-7
Juan Magán Marbella,E0-001-133675096-3
Juan Magán Marbella,E0-001-133675098-1
Lérica Marbella,E0-001-133675099-0
El Sentido del Humor: dos tontos y yo,E0-001-133675103-2
Juan Magán Marbella,E0-001-133675104-1
Sara Baras,E0-001-133675105-0
Loquillo Poblado Sancti Petri,E0-001-133675107-8
Melendi Marbella,E0-001-133675108-7
Julio Iglesias Poblado Sancti Petri,E0-001-133675513-5
Primal Fear Barcelona,E0-001-133675522-3
Richie Kotzen Barcelona,E0-001-133675527-8
Richie Kotzen Madrid,E0-001-133675529-6
Aitana Poblado Sancti Petri,E0-001-133675813-2
Miriam Rodriguez Sevilla,E0-001-133676151-6
Beret Las Palmas de Gran Canaria,E0-001-133676545-1
Beret San Cristóbal de La Laguna,E0-001-133676554-9
Pablo López Palma,E0-001-133677423-7
Aitana València,E0-001-133677742-9
Alec Benjamin Barcelona,E0-001-133677767-8
Aitana Marbella,E0-001-133677780-9
Festival Gigante - Abono 3 Días,E0-001-133677784-5
Aitana Sevilla,E0-001-133677787-2
Julio Iglesias Córdoba,E0-001-133677788-1
BIGGI - Mallorca Open Air,E0-001-133678614-4@2020070700
Elton Jonathan Kroon - Mallorca Open Air,E0-001-133678631-1@2020070700
GigaTools - Mallorca Open Air,E0-001-133678645-4@2020070700
Scorpia Technoenergy 2K20,E0-001-133695093-4
Limp Bizkit Madrid,E0-001-133697600-2
Rock In Ton,E0-001-133702363-5
DJ Charly - Montreal Pride 2020,E0-001-133721112-4
Undercatt - Electronic Sunset Festival,E0-001-133721435-2
Mónica Naranjo Mairena del Aljarafe,E0-001-133723068-8
Bullfights San Fermin Pamplona Pamplona,E0-001-133724039-3@2020070520
Cage The Elephant,E0-001-133736858-3
M-Theory - M-Theory & DM-Theory @Own Spirit Festival,E0-001-133742509-1
Raxon - Locked Festival,E0-001-133742615-1
Bonnie Tyler Torrevieja,E0-001-133751294-4
Kevin & Perry Sant Josep de sa Talaia,E0-001-133751514-5
BIG by David Guetta,E0-001-133751710-7@2020070617
Sun69 - Own spirit festival 2020,E0-001-133773824-1
Pablo López Murcia,E0-001-133782350-3
Enrique Bunbury Málaga,E0-001-133782411-3
Running of the Bulls - Balcony,E0-001-133803880-1
Running of the Bulls - Balcony,E0-001-133803881-0
Running of the Bulls - Balcony,E0-001-133803882-9
Running of the Bulls - Balcony,E0-001-133803884-7
Carl Craig,E0-001-133809779-8
JAVIER CORCOBADO,E0-001-133813795-3
Pol Omedes & Giuseppe Campisi,E0-001-133816146-4
Khalid Barcelona,E0-001-133821666-7
José Luis Perales Murcia,E0-001-133821676-4
Julio Iglesias València,E0-001-133821691-3
KHALID,E0-001-133824385-6
Brina Knauss - Drift,E0-001-133861872-2
The Grumps (tributo a The Cramps),E0-001-133878606-9
Get Away to Write: Spain,E0-001-133887518-7
Khetama - Khetama at Sa Trinxa,E0-001-133887911-0
Khetama,E0-001-133887912-9
Molly - Molly,E0-001-133887933-2
Undercatt - Electronic Sunset Festival,E0-001-133888098-5
12th Edition of International Conference on Endocrinology & Diabetology,E0-001-133902633-5@2020072010
Dan Ghenacia - Dan Ghenacia,E0-001-133904053-9
DEFTONES,E0-001-133940927-3
REMEMBER QUEEN  -  L*homenatge definitiu a Queen,E0-001-133955278-8
BELLRAYS,E0-001-133957403-6
Julien Quentin - Ibiza Concerts,E0-001-133964752-7
Astrix - The End Of The World,E0-001-133986629-2
DJ Charly - MACHO Party,E0-001-133986634-4
Julien Quentin - Ibiza Concerts,E0-001-133986773-2
Karol G Poblado Sancti Petri,E0-001-134058716-0
Oviedo Open - World Padel Tour,E0-001-134058822-0
Oviedo Open - World Padel Tour,E0-001-134058825-7
Oviedo Open - World Padel Tour,E0-001-134058827-5
Deftones Barcelona,E0-001-134059199-6
Of Monsters and Men + Smith & Thell Madrid,E0-001-134059523-9
Cat Power Madrid,E0-001-134059530-9
George Thorogood Madrid,E0-001-134059537-2
Imelda May Madrid,E0-001-134059539-0
Little Dragon & The Cinematic Orchestra Madrid,E0-001-134059546-0
Quique González Madrid,E0-001-134059549-7
Graham Nash & Kiko Veneno Madrid,E0-001-134059550-3
Herbie Hancock Madrid,E0-001-134059551-2
Albert Pla - Festival Porta Ferrada,E0-001-134059947-5
Simple Minds - Festival Porta Ferrada,E0-001-134059955-4
Ben Harper - Festival Porta Ferrada,E0-001-134059956-3
Manel - Festival Porta Ferrada,E0-001-134059957-2
Dàmaris Gelabert - Festival Porta Ferrada,E0-001-134059958-1
La Locomotora Negra - Festival Porta Ferrada,E0-001-134059959-0
Los Secretos - Festival Porta Ferrada,E0-001-134059960-6
Kool & the Gang - Festival Porta Ferrada,E0-001-134059962-4
Jethro Tull - Festival Porta Ferrada,E0-001-134059963-3
Joe Bonamassa - Festival Porta Ferrada,E0-001-134059964-2
God Save the Queen - Festival Porta Ferrada,E0-001-134059968-8
Primavera Sound Barcelona - Friday,E0-001-134060403-2
Primavera Sound Barcelona - Saturday,E0-001-134060407-8
Juanes Barcelona,E0-001-134060456-4
Yann Tiersen,E0-001-134060496-2
Oreka TX: Koklea Donostia,E0-001-134060514-7
Rita Marcotulli - Dado Moroni Duo San Sebastian,E0-001-134060524-4
Marco Mezquida: Beethoven Collage San Sebastian,E0-001-134060534-1
Mika Palafrugell,E0-001-134060545-7
Gilberto Gil Palafrugell,E0-001-134060548-4
Herbie Hancock Palafrugell,E0-001-134060550-9
Juan Diego Florez Palafrugell,E0-001-134060555-4
Andrea Bocelli,E0-001-134060563-3
Estopa Palafrugell,E0-001-134060570-3
Travis Palafrugell,E0-001-134060595-2
Aitana Palafrugell,E0-001-134060597-0
Cooltural Fest Almería,E0-001-134060598-9
Julio Iglesias Palafrugell,E0-001-134060609-4
Julio Iglesias Palafrugell,E0-001-134060613-7
Operación Triunfo 2020 Madrid,E0-001-134061092-7
Closing Party HotBed Sant Antoni de Portmany,E0-001-134061141-2
One - Closing Party Sant Antoni de Portmany,E0-001-134061142-1
House in Paradise Sant Antoni de Portmany,E0-001-134061985-8@2020070612
Kisstory Ibiza Sant Antoni de Portmany,E0-001-134061987-6@2020070712
Ants Ibiza San Jorge de ses Salines,E0-001-134061988-5@2020070415
O Beach Pool Party Sant Antoni de Portmany,E0-001-134061994-6@2020070312
One Sant Antoni de Portmany,E0-001-134061996-4@2020070212
HotBed Sant Antoni de Portmany,E0-001-134061997-3@2020070112
Sunsetland Festival,E0-001-134066118-9
Haim Barcelona,E0-001-134066120-4
PARADISE PHANTOMS,E0-001-134079083-4
Andreu Zaragoza i Abel Boquera,E0-001-134086819-9
David Penn,E0-001-134087289-1
David Penn,E0-001-134087296-1
David Penn,E0-001-134087349-2
David Penn,E0-001-134087350-8
Carta blanca a Jaume Plensa,E0-001-134095579-6
BELVEDERE + LA ARMADA,E0-001-134096316-6
Barna 'n' Roll WARM UP 2020,E0-001-134096360-7
Extremoduro Madrid,E0-001-134097791-0
Extremoduro Madrid,E0-001-134097794-7
Versión Imposible Cambrils,E0-001-134097802-5
Beret,E0-001-134103240-9
testlnspain,E0-001-134103274-6
Seamus Haji - Glitterbox,E0-001-134133409-7
Anastasia Kristensen - Circoloco,E0-001-134133414-9
India Martínez València,E0-001-134138694-8
Baron Rojo València,E0-001-134138695-7
10AÑOSLA3: Cupido + Ladilla Rusa + Alex Kapranos (Franz Ferdinand DJ SET) València,E0-001-134138696-6
Amaia + Natalia Lacunza + Núria Graham València,E0-001-134138697-5
Residente València,E0-001-134138698-4
Paul Weller València,E0-001-134138699-3
Ana Torroja València,E0-001-134138700-8
Nit Cultura Urbana: Lola Indigo + Medina Kid + Kayl + Chilax València,E0-001-134138701-7
Fangoria + Nancys Rubias València,E0-001-134138702-6
FIESTA ROTOTOM: Macaco + Maluks + Nonai Sound DJ València,E0-001-134138703-5
Roger Hodgson València,E0-001-134138704-4
Simple Minds València,E0-001-134138705-3
Los de Marras + Benito Kamelas + Corazones Eléctricos València,E0-001-134138706-2
Camela València,E0-001-134138826-5
CORAZONADAS: Mala Rodriguez + Albany València,E0-001-134138827-4
Sebastian Yatra València,E0-001-134139127-8
Desakato + Mafalda + Smoking Souls + Madame Bluesy València,E0-001-134139128-7
POETAS DEL ROCK: Los Secretos + Coque Malla + Sole Giménez València,E0-001-134139129-6
Hoky Popi Music Santander,E0-001-134141435-7
Morat Marbella,E0-001-134141438-4
Beret Marbella,E0-001-134141439-3
Luz Casal Marbella,E0-001-134141443-6
Morat Barcelona,E0-001-134158255-1
Morat Bilbo,E0-001-134158256-0
Tom Jones Marbella,E0-001-134159281-3
Ribera Sound con Ana Torroja,E0-001-134159288-6
Pica Pica,E0-001-134159290-1
Ana Torroja - Festival Noches Mágicas,E0-001-134159293-8
Taburete Marbella,E0-001-134159295-6
Julio Iglesias Alicante,E0-001-134159296-5
Oro Viejo Marbella,E0-001-134159297-4
Siempre Así Marbella,E0-001-134159298-3
Miguel Poveda Marbella,E0-001-134159299-2
Morat Córdoba,E0-001-134159301-6
Morat Mairena del Aljarafe,E0-001-134159302-5
Morat València,E0-001-134159305-2
Morat Madrid,E0-001-134159308-9
José Luis Perales Mérida,E0-001-134159309-8
2nd International Conferences on Neurology and Brain Disorders,E0-001-134160107-8@2020071509
"2nd  International Conferences on Pharma, Toxicology and Clinical Trials",E0-001-134160111-1@2020071509
2nd International Conference on Cancer Research and Therapy,E0-001-134160115-7@2020071509
Carl Craig,E0-001-134160365-0
Marc Anthony Poblado Sancti Petri,E0-001-134169209-8
Marc Anthony Poblado Sancti Petri,E0-001-134169210-4
Baron Rojo Barcelona,E0-001-134175495-4
Arnold Sports Festival - Friday,E0-001-134175496-3
3-Days Pass Expo - Arnold Sports Festival,E0-001-134175497-2
Arnold Sports Festival - Saturday,E0-001-134175500-5
Meeting with the Fans + Saturday Arnold Sports Festival,E0-001-134175501-4
Pro Show - Arnold Sports Festival,E0-001-134175502-3
Arnold Sports Festival - Sunday,E0-001-134175503-2
Baraca Visioon,E0-001-134179253-8
Ciclogénesis: A Different Pride,E0-001-134179255-6
Paral·lel Festival 2020,E0-001-134179257-4
JOAN VILACASAS: UNA MIRADA INFORMALISTA. EN EL CENTENARI DEL SEU NAIXAMENT. EXPOSICIÓ,E0-001-134185450-0
LA LLUNA. VISITA I OBSERVACIÓ,E0-001-134185460-7
SATURN. VISITA I OBSERVACIÓ,E0-001-134185463-4
Carmina Burana Barcelona,E0-001-134187478-0
Miguel Bosé Barcelona,E0-001-134187480-5
María Jiménez Madrid,E0-001-134187481-4
Informació  -  Espectacles ajornats i cancel·lats,E0-001-134188469-9@2020070100
Al cor del teatre,E0-001-134200209-8
EBMT - European Society for Blood & Marrow Transplantation,E0-001-134200558-1
Expo Dental - IFEMA,E0-001-134200582-8
In-cosmetics,E0-001-134200763-1
Seamus Haji - Vocal Booth Werekender,E0-001-134204563-1
Genetics-Research-2020 conference,E0-001-134211359-8
Adriana Lopez - Rebels,E0-001-134222984-4
International Conference on Head and Neck Surgery,E0-001-134232844-6
Alimentaria Barcelona,E0-001-134237442-7
Rels B Barcelona,E0-001-134280806-7
Rels B Barcelona,E0-001-134280808-5
We Will Rock You Madrid,E0-001-134306095-6@2020080718
Euro Surgery & Cosmetology 2020,E0-001-134313399-7
Palaye Royale Barcelona,E0-001-134327545-1
Palaye Royale Madrid,E0-001-134327546-0
Lennis Rodriguez,E0-001-134335511-9
The Joe Kay Experience – A Special 4 Hour Set,E0-001-134335518-2
Sandro Jeeawock,E0-001-134335521-6
Dj Tunez,E0-001-134335525-2
[Fuego] Lennis Rodriguez,E0-001-134345738-3
[The Loft] Kompromat (Live) aka  Vitalic & Rebeka Warrior +  Djohnston,E0-001-134345740-8
[Fuego]  Sandro Jeeawock,E0-001-134345742-6
[Fuego] Dj Tunez,E0-001-134345744-4
[Razz Club]  Kiasmos Dj Set aka Olafur Arnalds B2B Janus Rasmussen +  Baldo,E0-001-134345748-0
[The Loft]  Dj Boring + Lola Haro +  Baldo,E0-001-134345750-5
[Fuego] The Joe Kay Experience (A Special 4 Hour Set),E0-001-134345752-3
[Razz Club] Miami Horror +  Dj Amable +  Legoteque,E0-001-134345753-2
Seamus Haji - Defected,E0-001-134354487-4@2020072400
Intergift - International Gift & Decoration Fair,E0-001-134398619-5
MOMAD Metropolis - Madrid International Fashion Show,E0-001-134398765-3
Jordan Mackampa Lugo,E0-001-134402003-4
"Áureo, 10 hores d'espectacles i activitats",E0-001-134409697-6
Lehar,E0-001-134447463-3
Anathema Barcelona,E0-001-134465239-2
YNGWIE MALMSTEEN,E0-001-134469437-0
"Exposició: 10 fotògrafs, 10 mirades Arquitectures de L'Atlàntida",E0-001-134470715-1
"Exposició: Construcció d'un edifici, Arquitectures de L'Atlàntida",E0-001-134470716-0
Per molts més,E0-001-134470729-4
Oviedo Open - World Padel Tour,E0-001-134515092-5
Oviedo Open - World Padel Tour,E0-001-134515093-4
Oviedo Open - World Padel Tour,E0-001-134515094-3
MOSCOW DEATH BRIGADE + ANIMAL,E0-001-134542335-3
EL SOL. VISITA I OBSERVACIÓ,E0-001-134600656-0@2020092000
GEOFF TATE - EMPIRE 30TH ANNIVERSARY TOUR + GUESTS,E0-001-134601570-8
BTS Barcelona,E0-001-134652975-1
BTS Barcelona,E0-001-134652976-0
Cinema Expo International,E0-001-134691294-2
Fuego Live: Rels B,E0-001-134722286-4
"NOU AJORNAMENT (06/11/2020): La dona del 600, de Pere Riera",E0-001-134724580-1
MARLON *** ENTRADAS AGOTADAS ***,E0-001-134778971-2
Andrea Bocelli,E0-001-134793316-4
MARLON *** ENTRADAS AGOTADAS ***,E0-001-134834565-8
OCHENTA Y CUATRO,E0-001-134834567-6
DAVID LANG: PRISONER OF THE STATE - ORQUESTA SINFÓNICA DE BARCELONA Y NACIONAL DE CATALUÑA,E0-001-134835178-3
FESTIVAL BACHCELONA - DIÁLOGO BACH / MENDELSSOHN,E0-001-134835181-7
Anestesia (ATZERATUA),E0-001-134837259-1
Hang Massive (DATA BERRIA),E0-001-134837260-7
Lagrimas de sangre (DATA BERRIA) (SARRERAK AGORTUTA),E0-001-134837261-6
Marky Ramone (ATZERATUA),E0-001-134837262-5
Kaydy Cain Barcelona,E0-001-134870654-9
Muchachito (Hombre Orquesta Show) Barcelona,E0-001-134870655-8
Ramón Mirabet Barcelona,E0-001-134870658-5
Joan Colomo Barcelona,E0-001-134870659-4
Ladilla Rusa Barcelona,E0-001-134870660-0
Obeses Barcelona,E0-001-134870662-8
Les Montses Barcelona,E0-001-134870664-6
Ebri Knight Barcelona,E0-001-134870666-4
Guillem Albà & La Marabunta Barcelona,E0-001-134870667-3
Cris Juanico Barcelona,E0-001-134870668-2
Quico Pi de la Serra Barcelona,E0-001-134870669-1
Pau Riba Barcelona,E0-001-134870670-7
Delafé Barcelona,E0-001-134870671-6
Arco Barcelona,E0-001-134870672-5
Rayden Barcelona,E0-001-134870673-4
Rufus T. Firefly Barcelona,E0-001-134870674-3
Fuckup Nights BCN Jul. 2020 (Vol. XXV),E0-001-134872222-8
Cesc Freixas + Laia Llach Barcelona,E0-001-134876425-1
Iseo Barcelona,E0-001-134876428-8
Planeta Impro Barcelona,E0-001-134876431-2
Planeta Impro Barcelona,E0-001-134876433-0
Circ Vermut Barcelona,E0-001-134876436-7
Planeta Impro Barcelona,E0-001-134876438-5
I Love U2 Barcelona,E0-001-134876441-9
Egosex Barcelona,E0-001-134876443-7
Maruja Limón Barcelona,E0-001-134876444-6
Tu Otra Bonita Barcelona,E0-001-134876445-5
Èric Vinaixa Barcelona,E0-001-134876447-3
The Sey Sisters Barcelona,E0-001-134876449-1
BASES DEL XV CERTAMEN COREOGRÀFIC DE SABADELL,E0-001-134879822-1
Muchachito (Hombre Orquesta Show) Barcelona,E0-001-134917152-8
Audra McDonald Madrid,E0-001-134917153-7
Gustavo Dudamel,E0-001-134917155-5
Un Ballo in Maschera Madrid,E0-001-134917293-4@2020091820
Aramco Gran Premio de Espana,E0-001-134928487-7
Crew Nation Presenta,E0-001-134930041-2
Solomun +1,E0-001-134930246-5@2020070523
"Grease, el Musical Madrid",E0-001-134931960-5@2020092718
Ferran Palau+ Anna Andreu Barcelona,E0-001-134953957-3
Leïti Sene Barcelona,E0-001-134953958-2
Tributo a Aretha Franklin Barcelona,E0-001-134953959-1
Zenet Barcelona,E0-001-134953960-7
Los Punsetes Barcelona,E0-001-134953961-6
Mala Rodriguez Barcelona,E0-001-134953962-5
Christina Rosenvinge Barcelona,E0-001-134953963-4
Triángulo de Amor Bizarro Barcelona,E0-001-134953964-3
Pavvla Barcelona,E0-001-134953965-2
Mujeres Barcelona,E0-001-134953966-1
Tribade Barcelona,E0-001-134953967-0
Luna Ki + Soto Asa Barcelona,E0-001-134953968-9
Mishima Barcelona,E0-001-134953969-8
Smoking Souls Barcelona,E0-001-134953970-4
Tributo a Héroes del Silencio Barcelona,E0-001-134953974-0
Tributo a Queen Barcelona,E0-001-134953975-9
Tributo a The Cure Barcelona,E0-001-134953976-8
Diego El Cigala Barcelona,E0-001-134953977-7
Belako Barcelona,E0-001-134953978-6
Ciudad Jara Barcelona,E0-001-134953979-5
Bejo Barcelona,E0-001-134953980-1
Amaia Romero Barcelona,E0-001-134953981-0
Dorian Barcelona,E0-001-134953982-9
Yung Beef Barcelona,E0-001-134953983-8
Amy Winehouse Tributo Barcelona,E0-001-134953984-7
Iseo Barcelona,E0-001-134957662-6
Miquel Barcelona,E0-001-134957663-5
La Fura dels Baus,E0-001-134957664-4
La Fura dels Baus,E0-001-134957665-3
Brodas Bros Barcelona,E0-001-134957666-2
Brodas Bros Barcelona,E0-001-134957667-1
Brodas Bros Barcelona,E0-001-134957668-0
Gorka Benítez Trío Barcelona,E0-001-134957669-9
Raquel Lúa + Paula Peso Barcelona,E0-001-134957670-5
Max Richter Barcelona,E0-001-134957671-4
Max Richter Barcelona,E0-001-134957672-3
Ketama Barcelona,E0-001-134957673-2
Hinds Barcelona,E0-001-134957674-1
Los Mambo Jambo Barcelona,E0-001-134957675-0
El Drogas Barcelona,E0-001-134957676-9
Cariño Barcelona,E0-001-134957677-8
Javiera Mena Barcelona,E0-001-134957678-7
Foyone Barcelona,E0-001-134957679-6
Derby Motoreta's Burrito Kachimba Barcelona,E0-001-134957680-2
Núria Graham Barcelona,E0-001-134957681-1
Capullo de Jerez Barcelona,E0-001-134957682-0
La Sra. Tomasa Barcelona,E0-001-134957683-9
Carolina Durante Barcelona,E0-001-134957684-8
Kiko Veneno Barcelona,E0-001-134957685-7
IMAGINA - Dancing In My Car,E0-001-134961950-5
La vida en un tren -  Vídeo de l´obra,E0-001-134972166-0@2020071400
M Clan Barcelona,E0-001-135003963-5
Balkan Paradise Orchestra Barcelona,E0-001-135003964-4
RecycledJ Barcelona,E0-001-135003965-3
Califato 3/4 Barcelona,E0-001-135003966-2
Albert Pla Barcelona,E0-001-135003968-0
Rapsusklei Barcelona,E0-001-135003971-4
Los Chichos Barcelona,E0-001-135003977-8
International Festival of Classical Theatre of Mérida,E0-001-135004009-3@2020072222
El lago de los Cisnes Madrid,E0-001-135008789-0@2020070120
Mutua Madrid Open,E0-001-135020566-3
Mutua Madrid Open,E0-001-135020579-7
LOS INVADERS + El Rubio DJ,E0-001-135022090-9
SWEET PAPAS + COBAYA HIMALAYA,E0-001-135022093-6
INC + Juan Vitoria DJ,E0-001-135022095-4
WHO’S NEXT,E0-001-135022098-1
BLUESTAFARIS,E0-001-135022107-8
Idoti Iranti  -   d'Eu Manzanares,E0-001-135023485-0
94 minuts  -   de Sílvia Navarro,E0-001-135023502-6
CANT A L’ESTIMADA. CONCERT,E0-001-135023982-8
"PINA, DE WIM WENDERS. CINEMA",E0-001-135023983-7
JOVE ORQUESTRA SIMFÒNICA DEL VALLÈS. CONCERT,E0-001-135023987-3
MECAL A LA FRESCA. CURTMETRATGES,E0-001-135023988-2
"PAGLIACCI, DE RUGERO LEONCAVALLO. ÒPERA",E0-001-135023995-2
"YULI, D’ICIAR BOLLAÍN. CINEMA",E0-001-135023997-0
QUEDEM! TEATRE MUSICAL,E0-001-135023999-8
L'ELISIR D'AMORE DE GAETANO DONIZETTI. ÒPERA,E0-001-135024003-7
ANIMA UNA HISTÒRIA. TALLER INFANTIL,E0-001-135024007-3
QUAN HI HAVIA GEGANTS. HORA DEL CONTE,E0-001-135024012-5
"CONTES BLAUS DEL FONS DEL MAR. PETITS, PETITS",E0-001-135024013-4
BIBLIOLAB: VIDEOJOCS AMB SCRATCH,E0-001-135024014-3
TRUCS DE CINEMA. TALLER INFANTIL,E0-001-135024018-9
"LA LLUNA, LA PRUNA. PETITS, PETITS",E0-001-135024019-8
BIBLIOLAB: ROBÒTICA AMB LEGO MINDSTORMS,E0-001-135024024-0
"LES QUATRE ESTACIONS DEL PETITÓ. PETITS, PETITS",E0-001-135024026-8
BIBLIOLAB: ROBÒTICA AMB LEGO MINDSTORMS,E0-001-135024027-7
"CONTES BLAUS DEL FONS DEL MAR. PETITS, PETITS",E0-001-135024028-6
TRUCS DE CINEMA. TALLER INFANTIL,E0-001-135024030-1
EN BUM I I L'ESTEL DELS DESITJOS. HORA DEL CONTE,E0-001-135024032-9
MIRA COM SONA. TALLER INFANTIL,E0-001-135024041-7
MONSTRES I OGRES. HORA DEL CONTE,E0-001-135024042-6
BIBLIOLAB: ROBÒTICA AMB LEGO WE-DO,E0-001-135024044-4
VISITA GUIADA AL MUSEU DE L' ICP,E0-001-135024045-3
VISITA GUIADA AL MUSEU DE L' ICP,E0-001-135024046-2
VISITA GUIADA AL MUSEU DE L' ICP,E0-001-135024047-1
COM VIVIEN ELS DINOSAURES DELS PIRINEUS? TALLER,E0-001-135024048-0
EL TITANOSAURE I ELS SEUS AMICS. TALLER,E0-001-135024049-9
COM VIVIEN ELS DINOSAURES DELS PIRINEUS? TALLER,E0-001-135024050-5
COM VIVIEN ELS DINOSAURES DELS PIRINEUS? TALLER,E0-001-135024051-4
COM VIVIEN ELS DINOSAURES DELS PIRINEUS? TALLER,E0-001-135024054-1
EL TITANOSAURE I ELS SEUS AMICS. TALLER,E0-001-135024055-0
EL TITANOSAURE I ELS SEUS AMICS. TALLER,E0-001-135024057-8
EL TITANOSAURE I ELS SEUS AMICS. TALLER,E0-001-135024059-6
EL MÓN DELS FÒSSILS. TALLER,E0-001-135024064-8
EL MÓN DELS FÒSSILS. TALLER,E0-001-135024066-6
EL MÓN DELS FÒSSILS. TALLER,E0-001-135024068-4
EL MÓN DELS FÒSSILS. TALLER,E0-001-135024075-4
Intime X Fluído,E0-001-135024343-2
Boogienights,E0-001-135024345-0
Soundit Plaza,E0-001-135024346-9
DESCOBREIX ELS INSECTES. TALLER INFANTIL,E0-001-135024584-7@2020070700
Los Secretos Madrid,E0-001-135026960-7
Los Secretos Madrid,E0-001-135026961-6
El Monaguillo Madrid,E0-001-135026962-5
El Monaguillo Madrid,E0-001-135026963-4
Mastodonte Madrid,E0-001-135026964-3
Martita de Graná Madrid,E0-001-135026965-2
Manel Madrid,E0-001-135026966-1
Xoel Lopez Madrid,E0-001-135026967-0
Cantajuego Madrid,E0-001-135026968-9
Miguel Lago Madrid,E0-001-135026969-8
Cantajuego Madrid,E0-001-135026970-4
Miguel Lago Madrid,E0-001-135026971-3
Carlos Sadness Madrid,E0-001-135026972-2
Diego El Cigala Madrid,E0-001-135026973-1
Lo Mejor de Yllana Madrid,E0-001-135026974-0
Lo Mejor de Yllana Madrid,E0-001-135026975-9
Lo Mejor de Yllana Madrid,E0-001-135026976-8
Manel Fuentes Madrid,E0-001-135026977-7
Los Chichos Madrid,E0-001-135026978-6
Omar Montes Madrid,E0-001-135026979-5
Juan Tamariz,E0-001-135026980-1
Tributo a Aretha Franklin Madrid,E0-001-135026981-0
Michael Legend Madrid,E0-001-135026982-9
Michael Legend Madrid,E0-001-135026983-8
Michael Legend Madrid,E0-001-135026984-7
Tributo a Queen Madrid,E0-001-135026985-6
Tinder sorpresa Madrid,E0-001-135026986-5
Tributo a Queen Madrid,E0-001-135026987-4
Miguel Poveda Madrid,E0-001-135026988-3
Micah P Hinson Madrid,E0-001-135026989-2
Pica Pica,E0-001-135026990-8
Pica Pica,E0-001-135026991-7
Carlos Latre Madrid,E0-001-135026992-6
Juan Tamariz,E0-001-135026993-5
El Canijo de Jerez Sevilla,E0-001-135040514-8
Aslándticos Sevilla,E0-001-135040522-7
Funambulista Sevilla,E0-001-135040524-5
Fran Cortés Sevilla,E0-001-135040525-4
Zenet Sevilla,E0-001-135040526-3
Los Secretos Sevilla,E0-001-135040527-2
Paco Montalvo Sevilla,E0-001-135040528-1
Merche Sevilla,E0-001-135040529-0
Efecto Pasillo Sevilla,E0-001-135040530-6
Sopa de Cabra Barcelona,E0-001-135044531-3
Nil Moliner Barcelona,E0-001-135044532-2
Ismael Serrano Barcelona,E0-001-135044533-1
Fuel Fandango Barcelona,E0-001-135044534-0
León Benavente Barcelona,E0-001-135044535-9
Viva Suecia Barcelona,E0-001-135044536-8
Els Amics de les Arts Barcelona,E0-001-135044537-7
Guitarricadelafuente Madrid,E0-001-135048266-0
Triángulo de Amor Bizarro Madrid,E0-001-135048268-8
Iseo Madrid,E0-001-135048269-7
Tu Otra Bonita Madrid,E0-001-135048270-3
Pol Granch Madrid,E0-001-135048271-2
Rayden Madrid,E0-001-135048272-1
Izaro Madrid,E0-001-135048274-9
El Kanka Madrid,E0-001-135048275-8
Xoel Lopez Madrid,E0-001-135048276-7
Mr. Kilombo Madrid,E0-001-135048285-5
"Izal, Miss Caffeina & Varry Brava Madrid",E0-001-135048288-2
Rock en Familia - Descubriendo a AC/DC y Guns N Roses Madrid,E0-001-135048292-5
Rock en Familia - Queenmania Madrid,E0-001-135048298-9
Obús Madrid,E0-001-135048300-3
Tomasito Madrid,E0-001-135048302-1
Sex Museum Madrid,E0-001-135048303-0
Muchachito Madrid,E0-001-135048305-8
Bely Basarte Madrid,E0-001-135048306-7
Celtas Cortos Madrid,E0-001-135048308-5
Fuel Fandango Madrid,E0-001-135048310-0
Fuel Fandango Madrid,E0-001-135048311-9
Sticky M.A. Madrid,E0-001-135048312-8
María Peláe Madrid,E0-001-135048313-7
Pablo López Barcelona,E0-001-135054333-2
Loquillo Barcelona,E0-001-135054335-0
Miss Caffeina Barcelona,E0-001-135054336-9
Hotel Cochambre Barcelona,E0-001-135054337-8
Big Mouthers Barcelona,E0-001-135054339-6
Orquesta Sinfónica del Gran Teatre del Liceu Barcelona,E0-001-135054340-2
Orquesta Sinfónica del Gran Teatre del Liceu Barcelona,E0-001-135054341-1
Ainhoa Arteta Barcelona,E0-001-135054343-9
Van Morrison Barcelona,E0-001-135054344-8
Van Morrison Barcelona,E0-001-135054346-6
Diana Navarro Barcelona,E0-001-135054347-5
Marlango Barcelona,E0-001-135054349-3
Mónica Green Barcelona,E0-001-135054350-9
Paco Ibáñez Barcelona,E0-001-135054352-7
Salvador Sobral Barcelona,E0-001-135054353-6
ABBA: The New Experience Barcelona,E0-001-135054355-4
Hombres G Barcelona,E0-001-135054356-3
Los Secretos Barcelona,E0-001-135054358-1
Guitarricadelafuente Barcelona,E0-001-135054359-0
Varry Brava Barcelona,E0-001-135054360-6
Andrea Motis Barcelona,E0-001-135054362-4
Manel Fuentes Barcelona,E0-001-135054363-3
Carlos Nuñez Barcelona,E0-001-135054365-1
Hija de la Luna - Homenaje a Mecano Barcelona,E0-001-135054367-9
Ara Malikian Barcelona,E0-001-135054369-7
Disco Inferno Barcelona,E0-001-135054370-3
Els Pets Barcelona,E0-001-135054372-1
Lexter ft. BlackMafia Barcelona,E0-001-135054374-9
La Vella Dixieland Barcelona,E0-001-135054375-8
Companyia Elèctrica Dharma Barcelona,E0-001-135054376-7
Tributo a Queen Barcelona,E0-001-135054378-5
Anna Karina. In memoriam,E0-001-135058154-5
Un tràveling pel cinema asiàtic: Focus sobre la Xina,E0-001-135058157-2
Música en suspensió,E0-001-135059088-0
"Nit amb Carles Marigó, Juan Manuel Cisneros i Orquestra de Cambra de Vic",E0-001-135059089-9
Piano Portrait amb Carles Marigó,E0-001-135059093-2
"Tardes d'estiu al carrer: Back 2 Classics, de Planeta Trampolí",E0-001-135059096-9
Vermut Beethovetrònic,E0-001-135059099-6
Intergift - International Gift & Decoration Fair,E0-001-135059582-1
IL·LÚS TEATRE ENSEMBLE. CONCERT,E0-001-135059599-1
ELENA GADEL & CARLOS MONTFORT. CONCERT,E0-001-135059601-5
GEMMA HUMET & PAU LLIGADAS. CONCERT,E0-001-135059603-3
NIT D'ÒPERA. CONCERT INAUGURAL,E0-001-135059606-0
LA GRAN A...VENTURA (MARCEL GROS). CLOWN,E0-001-135059609-7
NÀUFRAGS (LA INDUSTRIAL TEATRERA). CLOWN,E0-001-135059610-3
CONTES PER MINUTS (PEP LÓPEZ). FAMILIAR,E0-001-135059613-0
MAGIKISSIM (SERGI BUKA). MÀGIA,E0-001-135059615-8
LA MONGETERA MÀGICA (FESTUC TEATRE). TITELLES,E0-001-135059619-4
MOMAD Metropolis - Madrid International Fashion Show,E0-001-135059638-9
SECOND COMING + Juan de Pablos DJ,E0-001-135061609-0
DESAYUNO,E0-001-135061611-5
STANDBY CONNECTION,E0-001-135061612-4
TXETXU ALTUBE,E0-001-135061615-1
"Publicación ""sin imagen""  -  con Ignasi Aballí y Gloria Moure",E0-001-135061758-5
Gus Van Sound,E0-001-135062589-4
Uroz,E0-001-135062590-0
Nit De Vins,E0-001-135062591-9
6tma,E0-001-135062593-7
Monumental Club D’estiu,E0-001-135062594-6
Sokotronic: Sundays By Dreambeach,E0-001-135062596-4
Tiempos Nuevos,E0-001-135062597-3
Conversa virtual amb Gabriel Calderón  -   Teatre de l'Amèrica Llatina,E0-001-135063527-1
Conversa virtual amb Conchi León  -   Teatre de l'Amèrica Llatina,E0-001-135063529-9
"Nova normalitat, vella normativitat?  -   Amb Sira Abenoza, Roger Bernat i David Fernàndez",E0-001-135063530-5
Els gossos  -   de Nelson Valente,E0-001-135063532-3
"Escenaris del postconfinament  -   Amb Xavier Albertí, Anna Giribet, Juan Carlos Martel, Magda Puyo i Salvador Sunyer",E0-001-135063533-2
94 minuts  -   de Sílvia Navarro,E0-001-135063534-1
Conversa virtual amb Conchi León  -   Teatre de l'Amèrica Llatina,E0-001-135063536-9
Pedro Páramo  -   de Juan Rulfo  -   Dramatúrgia de Pau Miró,E0-001-135063537-8
Bisos blaus  -   de Roc Esquius,E0-001-135063543-9
"Nova normalitat, vella normativitat?  -   Amb Sira Abenoza, Roger Bernat i David Fernàndez",E0-001-135063549-3
Armarios abiertos: la diversidad sexual y las artes escénicas,E0-001-135078479-9
Armarios abiertos: la diversidad sexual en la industria cinematográfica + Sesión de clausura,E0-001-135078483-2
Dj Nano Madrid,E0-001-135086155-7
Ozzy Osbourne 'No More Tours 2' - SOUNDCHECK,Z698xZ2qZa79A
Ozzy Osbourne 'No More Tours 2' - Platinum,Z698xZ2qZa79E
"Ozzy Osbourne ""No More Tours 2"" - ULTIMATE",Z698xZ2qZa79u
FERNANDOCOSTA,Z698xZ2qZa7Bh
bROTHERS iN bAND,Z698xZ2qZa7Ch
IZAL,Z698xZ2qZa7D-
IZAL,Z698xZ2qZa7DE
IZAL,Z698xZ2qZa7DS
Elton John - Farewell Yellow Brick Road,Z698xZ2qZa7Dl
Elton John - Farewell Yellow Brick Road,Z698xZ2qZa7Ds
Tarja,Z698xZ2qZa7ED
Love the Tuenti's,Z698xZ2qZa7IN
The 1975,Z698xZ2qZa7M5
The 1975,Z698xZ2qZa7M9
FERNANDOCOSTA,Z698xZ2qZa7Mc
Beret,Z698xZ2qZa7TE
Beret,Z698xZ2qZa7TL
Larkin Poe,Z698xZ2qZa7TM
Beret,Z698xZ2qZa7TS
Larkin Poe,Z698xZ2qZa7Tg
Beret,Z698xZ2qZa7Ts
India Martínez,Z698xZ2qZa7U4
Giant Rooks,Z698xZ2qZa7U5
Bon Iver,Z698xZ2qZa7VD
Bon Iver,Z698xZ2qZa7VT
Elton John - Premium Golden Ticket,Z698xZ2qZa7W-
Elton John - Premium Golden Ticket,Z698xZ2qZa7WN
Elton John - Platinum,Z698xZ2qZa7Wl
Elton John - Platinum,Z698xZ2qZa7Wt
Marlon,Z698xZ2qZa7XN
"Agnes Obel ""Europe Tour 2021""",Z698xZ2qZa7YN
Ezcaray Fest,Z698xZ2qZa7ca
Leiva,Z698xZ2qZa7gS
Ozzy Osbourne 'No More Tours 2',Z698xZ2qZa7pN
Barón Rojo,Z698xZ2qZa7ul
Palaye Royale,Z698xZ2qZa7w_
Palaye Royale,Z698xZ2qZa7wh
FERNANDOCOSTA,Z698xZ2qZa7y-
FERNANDOCOSTA,Z698xZ2qZa7yL
FERNANDOCOSTA,Z698xZ2qZa7yP
FERNANDOCOSTA,Z698xZ2qZa7y_
FERNANDOCOSTA,Z698xZ2qZa7yh
C. Tangana  - White Summer 2020,Z698xZ2qZaA-5
Alexandra Savior,Z698xZ2qZaA-S
The Black Crowes,Z698xZ2qZaA0A
The Black Crowes - Platinum,Z698xZ2qZaA0E
The Black Crowes - Twice as Hard,Z698xZ2qZaA0K
"Nothing, nowhere",Z698xZ2qZaA0T
Tiziano Ferro,Z698xZ2qZaA15
Tiziano Ferro,Z698xZ2qZaA1M
Harry Styles - Love On Tour - Platinum,Z698xZ2qZaA1a
Dua Lipa: Future Nostalgia EU TOUR 2021 - Dua’s House Party,Z698xZ2qZaA2A
Raphael,Z698xZ2qZaA2K
Dua Lipa: Future Nostalgia EU TOUR 2021 - Dua’s House Party,Z698xZ2qZaA2N
Fangoria + Nancys Rubias + La Casa Azul - Concert Music Festival,Z698xZ2qZaA2c
Helloween,Z698xZ2qZaA2l
Estopa,Z698xZ2qZaA2o
Queen + Adam Lambert - Platinum,Z698xZ2qZaA32
Queen + Adam Lambert - Platinum,Z698xZ2qZaA39
India Martínez,Z698xZ2qZaA3L
Queen + Adam Lambert - Ultimate ‘On Stage’ Package,Z698xZ2qZaA3M
Mónica Naranjo - Concert Music Festival,Z698xZ2qZaA3o
Queen + Adam Lambert - Ultimate ‘On Stage’ Package,Z698xZ2qZaA3y
Jorge Vallejo Chef Mejor Restaurante México - Black,Z698xZ2qZaA4-
Vladimir Mukhin Chef Nº1 Rusia - Silver,Z698xZ2qZaA42
Vladimir Mukhin Chef Nº1 Rusia - Silver,Z698xZ2qZaA44
Ángel León Chef del Mar - Silver,Z698xZ2qZaA45
Ángel León Chef del Mar - Silver,Z698xZ2qZaA46
Vladimir Mukhin Chef Nº1 Rusia - Gold,Z698xZ2qZaA49
Jorge Vallejo Chef Mejor Restaurante México - Gold,Z698xZ2qZaA4E
Vladimir Mukhin Chef Nº1 Rusia - Black,Z698xZ2qZaA4K
Jorge Vallejo Chef Mejor Restaurante México - Silver,Z698xZ2qZaA4L
Jorge Vallejo Chef Mejor Restaurante México - Silver,Z698xZ2qZaA4N
Jorge Vallejo Chef Mejor Restaurante México - Gold,Z698xZ2qZaA4P
Ángel León Chef del Mar - Gold,Z698xZ2qZaA4d
Vladimir Mukhin Chef Nº1 Rusia - Gold,Z698xZ2qZaA4h
Vladimir Mukhin Chef Nº1 Rusia - Silver,Z698xZ2qZaA4o
Jorge Vallejo Chef Mejor Restaurante México - Silver,Z698xZ2qZaA4q
Ángel León Chef del Mar - Gold,Z698xZ2qZaA4u
Ángel León Chef del Mar - Black,Z698xZ2qZaA4v
Michael Kiwanuka,Z698xZ2qZaA59
Michael Kiwanuka,Z698xZ2qZaA5K
Sting - Concert Music Festival,Z698xZ2qZaA5a
Lynyrd Skynyrd,Z698xZ2qZaA5o
Carolina Durante,Z698xZ2qZaA5u
Foyone,Z698xZ2qZaA6-
Foyone,Z698xZ2qZaA69
Foyone,Z698xZ2qZaA6P
H.E.A.T.,Z698xZ2qZaA6R
Foyone,Z698xZ2qZaA6_
Foyone,Z698xZ2qZaA6h
Love the 90's Festival,Z698xZ2qZaA75
IGORRR + Author & Punisher + Otto Von Schirach,Z698xZ2qZaA76
Sinsinati,Z698xZ2qZaA7L
Sinsinati,Z698xZ2qZaA7o
IGORRR + Author & Punisher + Otto Von Schirach,Z698xZ2qZaA7v
Il Divo,Z698xZ2qZaA8-
Los Morancos,Z698xZ2qZaA8M
Barcelona Beach Festival - VIP Experience,Z698xZ2qZaA8T
Barcelona Beach Festival - Premium,Z698xZ2qZaA8W
Dua Lipa: Future Nostalgia EU TOUR 2021 - Platinum,Z698xZ2qZaA8o
Barcelona Beach Festival,Z698xZ2qZaA8s
Dua Lipa: Future Nostalgia EU TOUR 2021 - Platinum,Z698xZ2qZaA8u
Morat,Z698xZ2qZaA8y
Alain Johannes,Z698xZ2qZaA94
Sara Baras,Z698xZ2qZaA95
Aitana,Z698xZ2qZaA96
Roger Hodgson,Z698xZ2qZaA9K
Simple Minds,Z698xZ2qZaA9a
Estrella Morente y Diego El Cigala,Z698xZ2qZaA9o
Wolfmother,Z698xZ2qZaA9q
Miguel Poveda,Z698xZ2qZaA9u
Hollywood Sinfónico by Maestro Navarro Lara,Z698xZ2qZaAA9
Yes,Z698xZ2qZaAAd
Mudhoney,Z698xZ2qZaAB9
Rafa Romera,Z698xZ2qZaABD
Mudhoney,Z698xZ2qZaABK
Agnes Obel “Europe Tour 2021”,Z698xZ2qZaABP
Rafa Romera,Z698xZ2qZaABS
Rafa Romera,Z698xZ2qZaABW
Rafa Romera,Z698xZ2qZaABg
Rafa Romera,Z698xZ2qZaABy
Ara Malikian,Z698xZ2qZaAC6
Lionel Richie,Z698xZ2qZaACA
Beret,Z698xZ2qZaACE
Carlos Rivera,Z698xZ2qZaACR
Pastora Soler,Z698xZ2qZaAC_
José Luis Perales,Z698xZ2qZaACa
Luna Sur Festival,Z698xZ2qZaACg
David Bisbal,Z698xZ2qZaAD2
Pablo López,Z698xZ2qZaAD5
"PEPA NIEBLA, ANDREA MOTIS QUINTET",Z698xZ2qZaAD6
"CHANO DOMÍNGUEZ TRÍO, JAVIER COLINA QUARTET",Z698xZ2qZaADA
Chema Rivas,Z698xZ2qZaADD
Marta Sánchez,Z698xZ2qZaADR
Dvicio,Z698xZ2qZaADS
Fontaines DC,Z698xZ2qZaADT
Fontaines DC,Z698xZ2qZaADW
Giant Rooks,Z698xZ2qZaADa
María Jiménez y Pitingo,Z698xZ2qZaADc
"LUCÍA REY TRÍO , M.A.P. Mezquida - Aurignac - Prats",Z698xZ2qZaADd
El Arrebato,Z698xZ2qZaADo
Lola Índigo,Z698xZ2qZaADs
Restaurante Starlite,Z698xZ2qZaADt
Rozalén,Z698xZ2qZaADu
"COSTA JAZZ QUARTET, CHICUELO Y MARCO MEZQUIDA",Z698xZ2qZaADv
Chema Rivas,Z698xZ2qZaADy
Alec Benjamin,Z698xZ2qZaAE5
Concierto presentación Peninsular,Z698xZ2qZaAED
Restaurante Starlite,Z698xZ2qZaAE_
Nick Mason’s Saurceful of Secrets (Pink Floyd),Z698xZ2qZaAEu
H.E.A.T.,Z698xZ2qZaAF2
Dua Lipa: Future Nostalgia EU TOUR 2021,Z698xZ2qZaAFD
Duki,Z698xZ2qZaAFK
Harry Styles - Love On Tour,Z698xZ2qZaAFN
bbno$,Z698xZ2qZaAFR
Harry Styles - Love On Tour - PREMIUM SEAT VIP,Z698xZ2qZaAFg
Brass Against,Z698xZ2qZaAFo
bbno$,Z698xZ2qZaAFs
Tash Sultana,Z698xZ2qZaAG-
Mad Cool Festival 2021 - Jueves Día 8,Z698xZ2qZaAG2
Mad Cool Festival 2021 - Sábado Día 10,Z698xZ2qZaAGK
Tiziano Ferro - Platinum,Z698xZ2qZaAGL
Tiziano Ferro - Platinum,Z698xZ2qZaAG_
Mad Cool Festival 2021 - Viernes Día 9,Z698xZ2qZaAGo
Tash Sultana,Z698xZ2qZaAGq
Mad Cool Festival 2021 - Miércoles Día 7,Z698xZ2qZaAGu
UB40 featuring Ali Campbell & Astro,Z698xZ2qZaAIg
Aitana - Concert Music Festival,Z698xZ2qZaAIh
Sister Sledge / Shalamar,Z698xZ2qZaAIs
Sebastian Yatra,Z698xZ2qZaAJK
Restaurante Starlite,Z698xZ2qZaAJL
Melendi,Z698xZ2qZaAJN
Tom Jones,Z698xZ2qZaAJ_
Bocanada,Z698xZ2qZaAJs
Aerosmith,Z698xZ2qZaAKu
Restaurante Starlite,Z698xZ2qZaAL-
Restaurante Starlite,Z698xZ2qZaAL2
Restaurante Starlite,Z698xZ2qZaAL4
Restaurante Starlite,Z698xZ2qZaAL6
Restaurante Starlite,Z698xZ2qZaAL9
Restaurante Starlite,Z698xZ2qZaALA
Restaurante Starlite,Z698xZ2qZaALD
Restaurante Starlite,Z698xZ2qZaALE
Restaurante Starlite,Z698xZ2qZaALK
Restaurante Starlite,Z698xZ2qZaALL
Restaurante Starlite,Z698xZ2qZaALM
Restaurante Starlite,Z698xZ2qZaALN
Restaurante Starlite,Z698xZ2qZaALP
Restaurante Starlite,Z698xZ2qZaALR
Restaurante Starlite,Z698xZ2qZaALS
Restaurante Starlite,Z698xZ2qZaALT
Restaurante Starlite,Z698xZ2qZaALW
Restaurante Starlite,Z698xZ2qZaAL_
Restaurante Starlite,Z698xZ2qZaALc
Restaurante Starlite,Z698xZ2qZaALd
Restaurante Starlite,Z698xZ2qZaALg
Restaurante Starlite,Z698xZ2qZaALh
Restaurante Starlite,Z698xZ2qZaALl
Restaurante Starlite,Z698xZ2qZaALo
Restaurante Starlite,Z698xZ2qZaALq
Restaurante Starlite,Z698xZ2qZaALs
Restaurante Starlite,Z698xZ2qZaALt
Restaurante Starlite,Z698xZ2qZaALu
Restaurante Starlite,Z698xZ2qZaALy
Frog Leap,Z698xZ2qZaAM-
Palaye Royale,Z698xZ2qZaAMA
Leif Vollebekk,Z698xZ2qZaAME
The Sadies,Z698xZ2qZaAMM
Frog Leap,Z698xZ2qZaAMN
Frog Leap,Z698xZ2qZaAMP
Maiden United,Z698xZ2qZaAMR
Palaye Royale,Z698xZ2qZaAMa
Maiden United,Z698xZ2qZaAMc
Maiden United,Z698xZ2qZaAMs
Daddy Yankee,Z698xZ2qZaAMt
The Sisters of Mercy,Z698xZ2qZaAMv
Jordan Mackampa,Z698xZ2qZaANs
Miami Horror,Z698xZ2qZaAOD
The Bon Scott Band,Z698xZ2qZaAOK
Carlos Sadness - White Summer 2020,Z698xZ2qZaAON
Nile Rodgers & CHIC,Z698xZ2qZaAOP
Bexey,Z698xZ2qZaAOg
Bexey,Z698xZ2qZaAOs
The Church,Z698xZ2qZaAP5
Anvil + Nikki Puppet + Harsh,Z698xZ2qZaAPP
Foo Fighters,Z698xZ2qZaAPS
Leo Jiménez,Z698xZ2qZaAP_
Anvil + Nikki Puppet + Harsh,Z698xZ2qZaAPc
Leo Jiménez,Z698xZ2qZaAPh
Anvil + Nikki Puppet + Harsh,Z698xZ2qZaAPl
Anvil + Nikki Puppet + Harsh,Z698xZ2qZaAPt
The Church,Z698xZ2qZaAPu
"Nothing, nowhere",Z698xZ2qZaAPv
Fleshgod Apocalypse + Ex Deo,Z698xZ2qZaAQ-
Pablo López - Concert Music Festival,Z698xZ2qZaAQK
Fleshgod Apocalypse + Ex Deo,Z698xZ2qZaAQN
Fleshgod Apocalypse + Ex Deo,Z698xZ2qZaAQP
Michael Schenker Fest,Z698xZ2qZaAQW
Loquillo - Concert Music Festival,Z698xZ2qZaAQh
Michael Schenker Fest,Z698xZ2qZaAQt
Marc Anthony,Z698xZ2qZaAQv
Beret,Z698xZ2qZaAR5
HAIM,Z698xZ2qZaARR
Alanis Morissette,Z698xZ2qZaAR_
Camela,Z698xZ2qZaARg
J Dose & Alber Stewar,Z698xZ2qZaARs
Alanis Morissette,Z698xZ2qZaARu
Niall Horan,Z698xZ2qZaARy
Pica Pica,Z698xZ2qZaAS5
Taburete,Z698xZ2qZaASA
Siempre Así,Z698xZ2qZaAS_
Restaurante Starlite,Z698xZ2qZaASy
White Summer 2020 - Safe & Sounds,Z698xZ2qZaAT-
White Summer 2020 - Safe & Sounds,Z698xZ2qZaAT2
White Summer 2020 - Safe & Sounds,Z698xZ2qZaAT4
White Summer 2020 - Safe & Sounds,Z698xZ2qZaAT5
White Summer 2020 - Safe & Sounds,Z698xZ2qZaAT6
White Summer 2020 - Safe & Sounds,Z698xZ2qZaAT9
White Summer 2020 - Safe & Sounds,Z698xZ2qZaATA
White Summer 2020 - Safe & Sounds,Z698xZ2qZaATE
White Summer 2020 - Safe & Sounds,Z698xZ2qZaATK
White Summer 2020 - Safe & Sounds,Z698xZ2qZaATL
White Summer 2020 - Safe & Sounds,Z698xZ2qZaATN
White Summer 2020 - Safe & Sounds,Z698xZ2qZaATP
White Summer 2020 - Safe & Sounds,Z698xZ2qZaAT_
White Summer 2020 - Safe & Sounds,Z698xZ2qZaATa
White Summer 2020 - Safe & Sounds,Z698xZ2qZaATc
White Summer 2020 - Safe & Sounds,Z698xZ2qZaATd
White Summer 2020 - Safe & Sounds,Z698xZ2qZaATh
White Summer 2020 - Safe & Sounds,Z698xZ2qZaATl
White Summer 2020 - Safe & Sounds,Z698xZ2qZaATo
White Summer 2020 - Safe & Sounds,Z698xZ2qZaATq
White Summer 2020 - Safe & Sounds,Z698xZ2qZaATt
White Summer 2020 - Safe & Sounds,Z698xZ2qZaATu
The Sisters of Mercy,Z698xZ2qZaAUT
Greyson Chance -  Meet & Greet,Z698xZ2qZaAVh
Greyson Chance,Z698xZ2qZaAVq
White Summer 2020 - Safe & Sounds,Z698xZ2qZaAXy
IAMDDB,Z698xZ2qZaAY-
One Republic - Platinum,Z698xZ2qZaAYM
Rhapsody Of Queen,Z698xZ2qZaAYN
JP Cooper,Z698xZ2qZaAYR
Niall Horan - Platinum,Z698xZ2qZaAYT
Alanis Morissette - Platinum,Z698xZ2qZaAYa
JP Cooper,Z698xZ2qZaAYc
Alanis Morissette - Platinum,Z698xZ2qZaAYo
One Republic,Z698xZ2qZaAYq
Sinsinati,Z698xZ2qZaAZ6
JP Cooper,Z698xZ2qZaAZN
JP Cooper,Z698xZ2qZaAZP
Danny Ocean,Z698xZ2qZaAa6
Leif Vollebekk,Z698xZ2qZaAaA
El Barrio,Z698xZ2qZaAaD
Dua Lipa: Future Nostalgia EU TOUR 2021,Z698xZ2qZaAaM
The Sadies,Z698xZ2qZaAaW
Leif Vollebekk,Z698xZ2qZaAav
IZAL,Z698xZ2qZaAb9
Morat - Concert Music Festival,Z698xZ2qZaAbE
The Pineapple Thief,Z698xZ2qZaAc-
Draskari Fest,Z698xZ2qZaAc6
The Pineapple Thief,Z698xZ2qZaAcL
Cage the Elephant,Z698xZ2qZaAcc
Luz Casal,Z698xZ2qZaAcg
Deathstars,Z698xZ2qZaAcs
El Gato con Botas - El Miauuuu... sical,Z698xZ2qZaAda
Sinsinati,Z698xZ2qZaAdl
Sinsinati,Z698xZ2qZaAds
"Corteo ""Cirque du Soleil""",Z698xZ2qZaAe4
"Corteo ""Cirque du Soleil""",Z698xZ2qZaAe5
"Corteo ""Cirque du Soleil""",Z698xZ2qZaAe9
"Corteo ""Cirque du Soleil""",Z698xZ2qZaAeK
"Corteo ""Cirque du Soleil""",Z698xZ2qZaAe_
"Corteo ""Cirque du Soleil""",Z698xZ2qZaAeh
"Corteo ""Cirque du Soleil""",Z698xZ2qZaAeo
"Corteo ""Cirque du Soleil""",Z698xZ2qZaAeu
David Bisbal - Concert Music Festival,Z698xZ2qZaAfg
Ángel León Chef del Mar - Silver,Z698xZ2qZaAfy
Juan Magán,Z698xZ2qZaAhW
Alejandro Fernández - Platinum,Z698xZ2qZaAi9
Clan of Xymox,Z698xZ2qZaAiA
CHLÖE'S CLUE,Z698xZ2qZaAiN
"Dancing Divas By KISS FM: Gala, Rozalla, Kym, Mazelle, Spagna",Z698xZ2qZaAia
Alejandro Fernández - Platinum,Z698xZ2qZaAid
Becky G,Z698xZ2qZaAig
Bunbury,Z698xZ2qZaAio
Rock In Ton Park Santako,Z698xZ2qZaAiv
Lérica,Z698xZ2qZaAj4
Juan Magán,Z698xZ2qZaAj6
Juan Magán,Z698xZ2qZaAjE
Juan Magán,Z698xZ2qZaAjK
Juan Magán,Z698xZ2qZaAjL
Juan Magán,Z698xZ2qZaAja
Juan Magán,Z698xZ2qZaAjg
Oro Viejo,Z698xZ2qZaAjh
W.A.S.P.,Z698xZ2qZaAk-
W.A.S.P.,Z698xZ2qZaAkE
Iron Maiden,Z698xZ2qZaAkL
RuPaul’s Drag Race: Werq the World Tour 2020,Z698xZ2qZaAkM
W.A.S.P.,Z698xZ2qZaAkN
W.A.S.P.,Z698xZ2qZaAkP
RuPaul’s Drag Race: Werq the World Tour 2020,Z698xZ2qZaAks
Antonio José,Z698xZ2qZaAkt
Delaporte,Z698xZ2qZaAl5
Mónica Naranjo,Z698xZ2qZaAl6
Limp Bizkit,Z698xZ2qZaAl9
Clan of Xymox,Z698xZ2qZaAlW
Salinas Sound Festival 2020,Z698xZ2qZaAld
Alejandro Fernández,Z698xZ2qZaAll
Alejandro Fernández,Z698xZ2qZaAlo
Matinée Summer Festival,Z698xZ2qZaAm-
Deftones,Z698xZ2qZaAmS
Matinée Summer Festival,Z698xZ2qZaAmh
Tove Lo,Z698xZ2qZaAmq
Ramón Mirabet - White Summer 2020,Z698xZ2qZaAn5
 Bad Religion,Z698xZ2qZaAo6
Queen + Adam Lambert,Z698xZ2qZaAoL
J Dose & Alber Stewar,Z698xZ2qZaAoR
IAMDDB,Z698xZ2qZaAoh
Queen + Adam Lambert,Z698xZ2qZaAoq
IAMDDB,Z698xZ2qZaAou
Juan Perro Sexteto,Z698xZ2qZaApM
Aerosmith - Platinum,Z698xZ2qZaApc
Alex O'Dogherty,Z698xZ2qZaAq4
Ozuna,Z698xZ2qZaAq5
El Barrio - Concert Music Festival,Z698xZ2qZaAq9
Nil Moliner - Bailando en la Batalla,Z698xZ2qZaAqa
IZAL,Z698xZ2qZaAqo
Restaurante Starlite,Z698xZ2qZaArD
Amaral,Z698xZ2qZaArM
Primal Fear,Z698xZ2qZaArR
Primal Fear,Z698xZ2qZaArc
Primal Fear,Z698xZ2qZaArl
Restaurante Starlite,Z698xZ2qZaAry
Cirque du Soleil - Crystal,Z698xZ2qZaAs-
Cirque du Soleil - Crystal,Z698xZ2qZaAs4
Cirque du Soleil - Crystal,Z698xZ2qZaAs9
Cirque du Soleil - Crystal,Z698xZ2qZaAsE
Cirque du Soleil - Crystal,Z698xZ2qZaAsL
Cirque du Soleil - Crystal,Z698xZ2qZaAsN
Cirque du Soleil - Crystal,Z698xZ2qZaAsP
Cirque du Soleil - Crystal,Z698xZ2qZaAsR
Versión Imposible - 46 Festival Internacional Música de Cambrils,Z698xZ2qZaAsT
David Bisbal - 46 Festival Internacional Música de Cambrils,Z698xZ2qZaAsW
Restaurante Starlite,Z698xZ2qZaAsa
Cirque du Soleil - Crystal,Z698xZ2qZaAsc
Blue Oyster Cult,Z698xZ2qZaAsg
Cirque du Soleil - Crystal,Z698xZ2qZaAsl
Cirque du Soleil - Crystal,Z698xZ2qZaAsq
Cirque du Soleil - Crystal,Z698xZ2qZaAst
Aitana - 46 Festival Internacional Música de Cambrils,Z698xZ2qZaAsy
Scorpia Technoenergy 2k20,Z698xZ2qZaAt5
Apocalyptica + Epica + Wheel,Z698xZ2qZaAt6
Apocalyptica + Epica + Wheel,Z698xZ2qZaAtA
Apocalyptica + Epica + Wheel,Z698xZ2qZaAtd
"DANI MARTINEZ- NO OS PREOCUPÉIS, YA LO DIGO YO",Z698xZ2qZaAth
Vega,Z698xZ2qZaAtl
Vega,Z698xZ2qZaAtt
Alejandro Fernández,Z698xZ2qZaAtu
Antonio José,Z698xZ2qZaAuM
IZAL,Z698xZ2qZaAvD
"Corteo ""Cirque du Soleil""",Z698xZ2qZaAvT
"Corteo ""Cirque du Soleil""",Z698xZ2qZaAvy
Manel - 46 Festival Internacional Música de Cambrils,Z698xZ2qZaAw5
ABBA: The New Experience-46 Festival Internacional Música de Cambrils,Z698xZ2qZaAw6
FERNANDOCOSTA,Z698xZ2qZaAwo
Steve Hackett,Z698xZ2qZaAx4
Manuel Carrasco - Concert Music Festival,Z698xZ2qZaAxg
Larkin Poe,Z698xZ2qZaAy6
BUHOS,Z698xZ2qZaAyA
Alexandra Savior,Z698xZ2qZaAyS
Yes,Z698xZ2qZaAya
BUHOS,Z698xZ2qZaAyd
Damien Jurado,Z698xZ2qZaAyo
Bambikina,Z698xZ2qZaAyv
King Dude,Z698xZ2qZaAz-
Vega,Z698xZ2qZaAz4
Anvil + Nikki Puppet + Harsh,Z698xZ2qZaAzD
Maiden United,Z698xZ2qZaAzL
SWANS + Norman Westberg,Z698xZ2qZaAzT
Anvil + Nikki Puppet + Harsh,Z698xZ2qZaAzW
PASTORA SOLER - SENTIR,Z698xZ2qZaAzs
bbno$,Z698xZ2qZaAzv
Restaurante Starlite,Z698xZ2qZakZ2
José Mercé,Z698xZ2qZakZ4
Sinsinati + 84 + Marlon,Z698xZ2qZakZ9
Ketama,Z698xZ2qZakZK
Funambulista y Maldita Nerea.,Z698xZ2qZakZ_
Restaurante Starlite,Z698xZ2qZakv2
