email,username,name,userId
daviddandy@gmail.com,daviddandy,David Herguedas,60pBLmA7hjg6TXxYlL6K2cNhAh42
jfc@gmail.com,ismael,ismael dominguez,99EFYrMg8vOZdJv4EndFCZ5NqF13
marcos@gmail.com,marcos,marcos garcia,ANqoJa9z1hOu0QXWg00uI5Lbbg82
lolito@gmail.com,sarah20,sarah talavan,AUhVkBPIFddE1ueHtBwD4gWDLIA3
martagranados1@gmail.com,marta,marta granados,AghHatOsWaV8sRDMUSq8BzFGDkw1
miguel@gmail.com,miguel,aretio,CsHsq9GanvQgErWBV3Q32yGSknf1
messi@gmail.com,robermartin,Roberto,HfiWi5bmnDeUDT8iMciIKMjlFE52
gabri@gmail.com,daniallp,daniel,HmnFg8f5BEbhZmNjiVDfGY5VRky1
vero@gmail.com,veronica,Verónica Navarro,Jxde1GDkFthcfpUH5OG2oAJaeaE3
jose@gmail.com,jose,joseromero,MDpqtiqFuhd4onEgML1p3KAcDfY2
eventful@gmail.com,eventful,Eventful API,MH9jqhjZszNSZtepkRKZNQjd3Of1
ana@gmail.com,anaramirez,ana Ramírez,MS5AZUzc09Wqh8InQ08FGv8QhUk1
julioc@gmail.com,julioc,julio Cesar,MW0UwgcYFidbOSdj3ZOEragjv1j2
gustaboriginal@gmail.com,gustabin,Gustavo garcia,MvTgVAk0bAYOpZQNO3Y9klc4R7J2
auron@gmail.com,auronplay,raul,OyGChPzhcgVqOUP3cSpsIi4TCEE3
sofialvarez@gmail.com,sofia,Sofía Álvarez,Q1J1DEf6dbgn7HLfJTO79JE8fvC3
miriam@gmail.com,miriampera,Miriam,SfuLagzPWZNJudAI2NwFhAHtFgx1
alvaroballesteros@gmail.com,alvaro,ballesteros,VypA4ITsf6QfhOvCOzJYlrU5sfu1
pedroactor@gmail.com,pedrito,Pedro ,WUWzUk2PDwV4mE2lk9L9QqeFQHZ2
maria@gmail.com,maria,María ,WYgFnMmJ3wT8RlGcNjKsaONM8Km1
albertomorenp@gmail.com,alberto,Alberto moreno,WkVHevE72Sfa4Y9BD7CQfBF1Mpv2
perxita@gmail.com,perxas,Luis,XHZa9H5AiuRcP4lHlkVBoI8NaVw1
pixixi@gmail.com,luisito,Luis,YMesXLQ03HadvSXmKtnPwQ6BD0L2
baza@gmail.com,baza,ricardo,b82BtSw7S5byV30ytR7bcmuz5w52
alvaroloza@gmail.com,loza,alvaro,b9gCuPiuukOk9cwyXaQwgz6Hd542
ticketmaster@gmail.com,ticketmaster,Ticketmaster API,eWXNrrAlqsaW7jmjq4V3SnyU74N2
victor2ap97@usal.es,victorusal,Victor Alvarez,irA0mnChxUawfrI4CDuMCwtoB8r1
fer@gmail.com,fermin,ferdingo,j7IyMOA25GRJDfY3F3kt4hH3qvj1
natalia@gmail.com,nataliatalavan,Natalia ,jwF5brhJY2Yu1IpNlIcHS49GCnv2
recup@gmail.com,recu,recuerdo,lLMAGZ0naPMEBNZnyBbmfeoep693
willy@gmail.com,willyrex,Guillermo,lNnAKZIFIYZO5NWkREnNvuMBtz12
celia@gmail.com,celia,celia,my76w490msdkDp1XID7LK1xoVKZ2
victoralvarezpolo@gmail.com,victoralvarez,Víctor Alvarez,n21mkl8XsdYj1lmYugEZgtX5faO2
veget@gmail.com,vegeta,Vegeta777,nL1OKBCfGdRI11I3vvmy13kCdlg1
isdobu@gmail.com,isma,ismael ,oNObD8gaOlbu1OgpODqecogg2pl1
jack@gmail.com,jackconway,Jack Conway,oyjY39Hh4pMhNisesF8cxc4jVIO2
juanjo@gmail.com,juanjino,juanjo,pRjrelx7oTMyucHY0BHebJy0Abe2
horasio@gmail.com,horacio,Horacio perez,qSPcNv01aSS1tjn3VdTdMoMbToy1
puerto@gmail.com,puertopolo,María del puerto,szpYMDGlYGXfWp13dg87Ckmf19S2
victor2ap97@gmail.com,victor,victor,t8EGuWbIeCTPvHLVO2Kryfl8FyI2
pablo@gmail.com,pablo,Pablo fuente,xhlXITKcCwQs09B5cw6iIQLrwXG2
